{
    "Mono": {
        "11.100": {
            "energy_move_m1angl": 2.657,
            "energy_move_m1avg": 0.0,
            "energy_move_dmm_usy_ob": -0.10000000000000142,
            "energy_move_dmm_usy_ib": -0.10000000000000142,
            "energy_move_dmm_dsy": -0.10000000000000142,
            "energy_move_dmm_us_arm": 1.9549999999999934,
            "energy_move_dmm_ds_arm": 2.027689999999984,
            "energy_move_dmm_m2_y": 30.72006,
            "energy_move_dmm_usx": 80.0,
            "energy_move_dmm_dsx": 80.0,
            "energy_pos_fltr1select": 4,
            "energy_move_table3y": 24.090000000000096,
            "energy_move_flag": 35.08000000000003
        },
        "14.300": {
            "energy_move_m1angl": 2.657051349174385,
            "energy_move_m1avg": -4.999999996257998e-07,
            "energy_move_dmm_usy_ob": -0.1004875000000034,
            "energy_move_dmm_usy_ib": -0.10050000000000026,
            "energy_move_dmm_dsy": -0.10046250000000256,
            "energy_move_dmm_us_arm": 1.6497932810105698,
            "energy_move_dmm_ds_arm": 1.7220977000000008,
            "energy_move_dmm_m2_y": 24.4199075,
            "energy_move_dmm_usx": 79.999775,
            "energy_move_dmm_dsx": 79.999775,
            "energy_pos_fltr1select": 0,
            "energy_move_table3y": 19.88077869540942,
            "energy_move_flag": 29.70044
        },
        "17.040": {
            "energy_move_m1angl": 2.657,
            "energy_move_m1avg": 0.0,
            "energy_move_dmm_usy_ob": -0.10000000000000142,
            "energy_move_dmm_usy_ib": -0.10000000000000142,
            "energy_move_dmm_dsy": -0.10000000000000142,
            "energy_move_dmm_us_arm": 1.38,
            "energy_move_dmm_ds_arm": 1.4524999999999197,
            "energy_move_dmm_m2_y": 18.580000000000094,
            "energy_move_dmm_usx": 80.0,
            "energy_move_dmm_dsx": 80.0,
            "energy_pos_fltr1select": 4,
            "energy_move_table3y": 21.690000000000012,
            "energy_move_flag": 22.700000000000003
        },
        "18.000": {
            "energy_move_m1angl": 2.657,
            "energy_move_m1avg": 0.0,
            "energy_move_dmm_usy_ob": -0.10000000000000142,
            "energy_move_dmm_usy_ib": -0.10000000000000142,
            "energy_move_dmm_dsy": -0.10000000000000142,
            "energy_move_dmm_us_arm": 1.33,
            "energy_move_dmm_ds_arm": 1.4002999999999552,
            "energy_move_dmm_m2_y": 17.390000000000036,
            "energy_move_dmm_usx": 80.0,
            "energy_move_dmm_dsx": 80.0,
            "energy_pos_fltr1select": 4,
            "energy_move_table3y": 10.490000000000002,
            "energy_move_flag": 21.5
        },
        "20.000": {
            "energy_move_m1angl": 2.657,
            "energy_move_m1avg": 0.0,
            "energy_move_dmm_usy_ob": -0.10000000000000142,
            "energy_move_dmm_usy_ib": -0.10000000000000142,
            "energy_move_dmm_dsy": -0.10000000000000142,
            "energy_move_dmm_us_arm": 1.2300000000000002,
            "energy_move_dmm_ds_arm": 1.306599999999957,
            "energy_move_dmm_m2_y": 15.459999999999695,
            "energy_move_dmm_usx": 80.0,
            "energy_move_dmm_dsx": 80.0,
            "energy_pos_fltr1select": 4,
            "energy_move_table3y": 20.99000000000001,
            "energy_move_flag": 19.5
        },
        "25.510": {
            "energy_move_m1angl": 2.5995100684655648,
            "energy_move_m1avg": 0.2000245000000005,
            "energy_move_dmm_usy_ob": -0.1004875000000034,
            "energy_move_dmm_usy_ib": -0.10050000000000026,
            "energy_move_dmm_dsy": -0.10046250000000256,
            "energy_move_dmm_us_arm": 1.06515328101057,
            "energy_move_dmm_ds_arm": 1.1413999999999955,
            "energy_move_dmm_m2_y": 12.350132499999999,
            "energy_move_dmm_usx": 79.999775,
            "energy_move_dmm_dsx": 79.999775,
            "energy_pos_fltr1select": 0,
            "energy_move_table3y": 12.35,
            "energy_move_flag": 16.0
        },
        "30.000": {
            "energy_move_m1angl": 2.4,
            "energy_move_m1avg": 0.6000000000000001,
            "energy_move_dmm_usy_ob": -0.1004875000000034,
            "energy_move_dmm_usy_ib": -0.10050000000000026,
            "energy_move_dmm_dsy": -0.10046250000000256,
            "energy_move_dmm_us_arm": 0.892153281010589,
            "energy_move_dmm_ds_arm": 0.9697006000000394,
            "energy_move_dmm_m2_y": 9.132094999999937,
            "energy_move_dmm_usx": 80.0,
            "energy_move_dmm_dsx": 80.0,
            "energy_pos_fltr1select": 0,
            "energy_move_table3y": 0.0500000000000001,
            "energy_move_flag": 11.92000000000003
        },
        "33.100": {
            "energy_move_m1angl": 2.3350000000000013,
            "energy_move_m1avg": 0.6000000000000001,
            "energy_move_dmm_usy_ob": -0.1004875000000034,
            "energy_move_dmm_usy_ib": -0.10050000000000026,
            "energy_move_dmm_dsy": -0.10046250000000256,
            "energy_move_dmm_us_arm": 0.8771532810105891,
            "energy_move_dmm_ds_arm": 0.9565106000000476,
            "energy_move_dmm_m2_y": 9.01109499999997,
            "energy_move_dmm_usx": 80.0,
            "energy_move_dmm_dsx": 80.0,
            "energy_pos_fltr1select": 0,
            "energy_move_table3y": -1.0199999999999991,
            "energy_move_flag": 11.92000000000003
        },
        "33.200": {
            "energy_move_m1angl": 2.3350000000000013,
            "energy_move_m1avg": 0.6000000000000001,
            "energy_move_dmm_usy_ob": -0.1004875000000034,
            "energy_move_dmm_usy_ib": -0.10050000000000026,
            "energy_move_dmm_dsy": -0.10046250000000256,
            "energy_move_dmm_us_arm": 0.8671532810105891,
            "energy_move_dmm_ds_arm": 0.9465206000000475,
            "energy_move_dmm_m2_y": 8.981094999999971,
            "energy_move_dmm_usx": 80.0,
            "energy_move_dmm_dsx": 80.0,
            "energy_pos_fltr1select": 0,
            "energy_move_table3y": -1.2499999999999991,
            "energy_move_flag": 11.92000000000003
        }
    },
    "Pink": {
        "30.000": {
            "energy_move_m1angl": 2.657,
            "energy_move_m1avg": -0.40000000000000013,
            "energy_move_dmm_usx": 51.0,
            "energy_move_dmm_dsx": 51.0,
            "energy_move_dmm_usy_ob": -10.0,
            "energy_move_dmm_usy_ib": -10.0,
            "energy_move_dmm_dsy": -10.0,
            "energy_move_dmm_us_arm": 1.33,
            "energy_move_dmm_ds_arm": 1.4002999999999552,
            "energy_move_dmm_m2_y": 17.390000000000036,
            "energy_move_table3y": -0.7400000000000002,
            "energy_move_flag": 3.0,
            "energy_pos_fltr1select": 3
        }
    }
}