{
    "Mono": {
        "11.10": {
            "mirror_angle": 2.657,
            "mirror_vertical_position": 0.0,
            "dmm_usy_ob": -0.10000000000000142,
            "dmm_usy_ib": -0.10000000000000142,
            "dmm_dsy": -0.10000000000000142,
            "dmm_us_arm": 1.9549999999999934,
            "dmm_ds_arm": 2.027689999999984,
            "dmm_m2y": 30.72006,
            "dmm_usx": 80.0,
            "dmm_dsx": 80.0,
            "filter": 4,
            "table_y": 24.090000000000096,
            "flag": 35.08000000000003
        },
        "14.30": {
            "mirror_angle": 2.657051349174385,
            "mirror_vertical_position": -4.999999996257998e-07,
            "dmm_usy_ob": -0.1004875000000034,
            "dmm_usy_ib": -0.10050000000000026,
            "dmm_dsy": -0.10046250000000256,
            "dmm_us_arm": 1.6497932810105698,
            "dmm_ds_arm": 1.7220977000000008,
            "dmm_m2y": 24.4199075,
            "dmm_usx": 79.999775,
            "dmm_dsx": 79.999775,
            "filter": 0,
            "table_y": 19.88077869540942,
            "flag": 29.70044
        },
        "17.04": {
            "mirror_angle": 2.657,
            "mirror_vertical_position": 0.0,
            "dmm_usy_ob": -0.10000000000000142,
            "dmm_usy_ib": -0.10000000000000142,
            "dmm_dsy": -0.10000000000000142,
            "dmm_us_arm": 1.38,
            "dmm_ds_arm": 1.4524999999999197,
            "dmm_m2y": 18.580000000000094,
            "dmm_usx": 80.0,
            "dmm_dsx": 80.0,
            "filter": 4,
            "table_y": 21.690000000000012,
            "flag": 22.700000000000003
        },
        "18.00": {
            "mirror_angle": 2.657,
            "mirror_vertical_position": 0.0,
            "dmm_usy_ob": -0.10000000000000142,
            "dmm_usy_ib": -0.10000000000000142,
            "dmm_dsy": -0.10000000000000142,
            "dmm_us_arm": 1.33,
            "dmm_ds_arm": 1.4002999999999552,
            "dmm_m2y": 17.390000000000036,
            "dmm_usx": 80.0,
            "dmm_dsx": 80.0,
            "filter": 4,
            "table_y": 10.490000000000002,
            "flag": 21.5
        },
        "20.00": {
            "mirror_angle": 2.657,
            "mirror_vertical_position": 0.0,
            "dmm_usy_ob": -0.10000000000000142,
            "dmm_usy_ib": -0.10000000000000142,
            "dmm_dsy": -0.10000000000000142,
            "dmm_us_arm": 1.2300000000000002,
            "dmm_ds_arm": 1.306599999999957,
            "dmm_m2y": 15.459999999999695,
            "dmm_usx": 80.0,
            "dmm_dsx": 80.0,
            "filter": 4,
            "table_y": 20.99000000000001,
            "flag": 19.5
        },
        "25.51": {
            "mirror_angle": 2.5995100684655648,
            "mirror_vertical_position": 0.2000245000000005,
            "dmm_usy_ob": -0.1004875000000034,
            "dmm_usy_ib": -0.10050000000000026,
            "dmm_dsy": -0.10046250000000256,
            "dmm_us_arm": 1.06515328101057,
            "dmm_ds_arm": 1.1413999999999955,
            "dmm_m2y": 12.350132499999999,
            "dmm_usx": 79.999775,
            "dmm_dsx": 79.999775,
            "filter": 0,
            "table_y": 12.35,
            "flag": 16.0
        },
        "30.00": {
            "mirror_angle": 2.4,
            "mirror_vertical_position": 0.6000000000000001,
            "dmm_usy_ob": -0.1004875000000034,
            "dmm_usy_ib": -0.10050000000000026,
            "dmm_dsy": -0.10046250000000256,
            "dmm_us_arm": 0.892153281010589,
            "dmm_ds_arm": 0.9697006000000394,
            "dmm_m2y": 9.132094999999937,
            "dmm_usx": 80.0,
            "dmm_dsx": 80.0,
            "filter": 0,
            "table_y": 0.0500000000000001,
            "flag": 11.92000000000003
        },
        "33.10": {
            "mirror_angle": 2.3350000000000013,
            "mirror_vertical_position": 0.6000000000000001,
            "dmm_usy_ob": -0.1004875000000034,
            "dmm_usy_ib": -0.10050000000000026,
            "dmm_dsy": -0.10046250000000256,
            "dmm_us_arm": 0.8771532810105891,
            "dmm_ds_arm": 0.9565106000000476,
            "dmm_m2y": 9.01109499999997,
            "dmm_usx": 80.0,
            "dmm_dsx": 80.0,
            "filter": 0,
            "table_y": -1.0199999999999991,
            "flag": 11.92000000000003
        },
        "33.20": {
            "mirror_angle": 2.3350000000000013,
            "mirror_vertical_position": 0.6000000000000001,
            "dmm_usy_ob": -0.1004875000000034,
            "dmm_usy_ib": -0.10050000000000026,
            "dmm_dsy": -0.10046250000000256,
            "dmm_us_arm": 0.8671532810105891,
            "dmm_ds_arm": 0.9465206000000475,
            "dmm_m2y": 8.981094999999971,
            "dmm_usx": 80.0,
            "dmm_dsx": 80.0,
            "filter": 0,
            "table_y": -1.2499999999999991,
            "flag": 11.92000000000003
        }
    },
    "Pink": {
        "30.00": {
            "mirror_angle": 2.657,
            "mirror_vertical_position": -0.40000000000000013,
            "dmm_usy_ob": -10.0,
            "dmm_usy_ib": -10.0,
            "dmm_dsy": -10.0,
            "dmm_us_arm": 1.33,
            "dmm_ds_arm": 1.4002999999999552,
            "dmm_m2y": 17.390000000000036,
            "dmm_usx": 51.0,
            "dmm_dsx": 51.0,
            "filter": 3,
            "table_y": 1.7600000000000002,
            "flag": 3.0
        }
    }
}
